姓名,角色,当前任务,任务优先级,预计完成时间,实际进度,状态,备注
郑工,项目经理,实时进度监控,高,02:25,40%,进行中,每小时检查各小组进度
钱工,产品经理,需求细化,高,02:25,35%,进行中,细化剩余功能需求
张工,架构师,代码审查,高,持续,50%,进行中,审查所有提交代码
李工,用户模块,权限系统开发,高,02:25,30%,进行中,RBAC权限控制实现
王工,项目模块,项目业务逻辑,高,02:25,45%,进行中,项目状态机实现
赵工,任务模块,任务看板开发,高,02:25,25%,进行中,看板拖拽功能
孙工,工时模块,工时审批流程,高,02:25,20%,进行中,多级审批流程
周工,Jira模块,Jira API对接,中,03:25,15%,进行中,REST API集成
吴工,薪资模块,薪资规则引擎,中,03:25,10%,进行中,薪资计算规则
陈工,数据库,性能优化,中,持续,60%,进行中,慢查询分析和优化
冯工,开发,API接口开发,高,02:25,55%,进行中,剩余API接口开发
秦工,开发,业务逻辑实现,高,02:25,50%,进行中,复杂业务逻辑
韩工,开发,集成测试,中,03:25,40%,进行中,端到端测试
魏工,开发,技术债务清理,中,持续,70%,进行中,代码重构和优化
朱工,前端架构,架构优化,高,02:25,35%,进行中,组件复用策略
沈工,前端开发,项目详情页面,高,02:25,30%,进行中,完整界面开发
许工,前端开发,任务看板界面,高,02:25,25%,进行中,拖拽功能实现
何工,前端开发,工时填报界面,高,02:25,20%,进行中,填报表单完成
吕工,前端开发,组件开发,中,03:25,65%,进行中,可复用组件库
施工,前端开发,页面优化,中,03:25,60%,进行中,性能优化
杨工,测试经理,测试计划执行,高,持续,75%,进行中,监控测试进度
测试工1,功能测试,功能测试执行,高,持续,70%,进行中,执行所有测试用例
测试工2,性能测试,性能测试设计,中,03:25,45%,进行中,设计测试场景
吴工,运维,环境管理,中,持续,80%,进行中,维护开发测试环境
文档工,文档,技术文档编写,中,持续,85%,进行中,系统架构文档
